[{"title":"Resumen de noticias ma\u00f1ana del 22 de junio del 2018","link":"https:\/\/staging.noticieros.news\/podcast\/resumen-noticias-manana-22-junio-2018\/","pubDate":"2018-06-22 06:44:43","creator":"Jes\u00fas Alberto Oliva D\u00edaz","description":"","subtitle":null,"content":"Ni\u00f1os migrantes denuncian maltratos en centros de detenci\u00f3n en Estados Unidos, algunos fueron retenidos a\u00f1os y estaban sujetos con grilletes; Melania Trump desata pol\u00e9mica por un mensaje escrito en su chamarra, durante su viaje a Texas\r\n","enclosure":{"url":"https:\/\/tele-news.cdn.anvato.net\/prod\/1804\/18\/06\/22\/220671\/220671_3C05D10F5770450D89335FF8AC2097D0_180622_220671_Resumen_de_noticias_manana_del_22_de_junio_del_2_0.mp3","length":1742051,"type":"audio\/mpeg"},"image":"https:\/\/i0.wp.com\/noticieros.televisa.com\/wp-content\/uploads\/2018\/12\/nt.png?quality=95&ssl=1","explicit":"clean","duration":"00:03:38","author":"Noticieros Televisa","podcast":"Noticieros Televisa","podastId":0},{"title":"Resumen de noticias tarde del 21 de junio del 2018","link":"https:\/\/staging.noticieros.news\/podcast\/resumen-noticias-tarde-21-junio-2018\/","pubDate":"2018-06-21 16:24:27","creator":"Manuel Orozco","description":"","subtitle":null,"content":"En EU, el Pent\u00e1gono albergar\u00e1, en sus bases militares, a 20 mil ni\u00f1os inmigrantes que ingresaron a territorio estadounidense solos; el presidente Donald Trump afirm\u00f3 que Corea del Norte comenz\u00f3 el proceso desnuclearizaci\u00f3n total \r\n","enclosure":{"url":"https:\/\/tele-news.cdn.anvato.net\/prod\/1804\/18\/06\/21\/220498\/220498_BBD6CFF6D67148E0AC6956F96B8E32B4_180621_220498_Resumen_0.mp3","length":927203,"type":"audio\/mpeg"},"image":"https:\/\/i0.wp.com\/noticieros.televisa.com\/wp-content\/uploads\/2018\/12\/nt.png?quality=95&ssl=1","explicit":"clean","duration":"00:01:56","author":"Noticieros Televisa","podcast":"Noticieros Televisa","podastId":0},{"title":"Resumen de noticias ma\u00f1ana del 21 de junio del 2018","link":"https:\/\/staging.noticieros.news\/podcast\/resumen-noticias-manana-21-junio-2018\/","pubDate":"2018-06-21 08:22:10","creator":"Aldo Huerta Camacho","description":"","subtitle":null,"content":"Una investigaci\u00f3n especial de \u2018Despierta con Loret\u2019 documenta que la pol\u00edtica de \"tolerancia cero\" que aplica el gobierno de Donald Trump pr\u00e1cticamente ha perdido a cientos de ni\u00f1os migrantes separados de sus padres","enclosure":{"url":"https:\/\/tele-news.cdn.anvato.net\/prod\/1804\/18\/06\/21\/220336\/220336_262C96B99B9A4C7DB6EDF60C3FDB6A1D_180621_220336_Resumen_de_noticias_manana_del_21_de_junio_del_2_0.mp3","length":2066915,"type":"audio\/mpeg"},"image":"https:\/\/i0.wp.com\/noticieros.televisa.com\/wp-content\/uploads\/2018\/12\/nt.png?quality=95&ssl=1","explicit":"clean","duration":"00:04:18","author":"Noticieros Televisa","podcast":"Noticieros Televisa","podastId":0},{"title":"Resumen de noticias tarde del 20 de junio del 2018","link":"https:\/\/staging.noticieros.news\/podcast\/resumen-noticias-tarde-20-junio-2018\/","pubDate":"2018-06-20 16:09:56","creator":"Manuel Orozco","description":"","subtitle":null,"content":"El presidente Donald Trump firma decreto para detener separaci\u00f3n de familias de inmigrantes; Uni\u00f3n Europea pone fecha para la aplicaci\u00f3n de nuevos aranceles a productos estadounidenses; tromba en Aguascalientes deja dos muertos","enclosure":{"url":"https:\/\/tele-news.cdn.anvato.net\/prod\/1804\/18\/06\/20\/220155\/220155_CCA2E5EB5AE84F4A8EFCEC49D15FA7F5_180620_220155_Resumen_de_noticias_tarde_del_20_de_junio_del_20_0.mp3","length":289955,"type":"audio\/mpeg"},"image":"https:\/\/i0.wp.com\/noticieros.televisa.com\/wp-content\/uploads\/2018\/12\/nt.png?quality=95&ssl=1","explicit":"clean","duration":"00:00:36","author":"Noticieros Televisa","podcast":"Noticieros Televisa","podastId":0},{"title":"Resumen de noticias ma\u00f1ana del 20 de junio del 2018","link":"https:\/\/staging.noticieros.news\/podcast\/resumen-noticias-manana-20-junio-2018\/","pubDate":"2018-06-20 06:48:00","creator":"Aldo Huerta Camacho","description":"","subtitle":null,"content":"M\u00e9xico env\u00eda nota diplom\u00e1tica a Estados Unidos en rechazo a la pol\u00edtica migratoria de 'tolerancia cero', considera que separar familias es pr\u00e1ctica \"cruel e inhumana\"","enclosure":{"url":"https:\/\/tele-news.cdn.anvato.net\/prod\/1804\/18\/06\/20\/219974\/219974_E4DE8C090B3F4CDD9BC1198A6D7C0BC0_180620_219974_Resumen_de_noticias_manana_del_20_de_junio_del_2_0.mp3","length":1608227,"type":"audio\/mpeg"},"image":"https:\/\/i0.wp.com\/noticieros.televisa.com\/wp-content\/uploads\/2018\/12\/nt.png?quality=95&ssl=1","explicit":"clean","duration":"00:03:21","author":"Noticieros Televisa","podcast":"Noticieros Televisa","podastId":0},{"title":"Resumen de noticias noche del 19 de junio de 2018","link":"https:\/\/staging.noticieros.news\/podcast\/resumen-noticias-noche-19-junio-2018\/","pubDate":"2018-06-19 23:34:44","creator":"Manuel Orozco","description":"","subtitle":null,"content":"Gobierno de M\u00e9xico califica como 'cruel e inhumana' la pol\u00edtica migratoria de Estados Unidos. Enfrentamiento en avenida Tl\u00e1huac deja dos muertos y 23 detenidos. Gobierno de la CDMX reconoce que grupos criminales se disputan la venta de drogas","enclosure":{"url":"https:\/\/tele-news.cdn.anvato.net\/prod\/1804\/18\/06\/19\/219938\/219938_F69AA9E4A3F94CA8B38364772F5A2257_180619_219938_Resumen_de_noticias_noche_del_19_de_junio_de_201_0.mp3","length":481571,"type":"audio\/mpeg"},"image":"https:\/\/i0.wp.com\/noticieros.televisa.com\/wp-content\/uploads\/2018\/12\/nt.png?quality=95&ssl=1","explicit":"clean","duration":"00:01:00","author":"Noticieros Televisa","podcast":"Noticieros Televisa","podastId":0},{"title":"Resumen de noticias tarde del 19 de junio del 2018","link":"https:\/\/staging.noticieros.news\/podcast\/resumen-noticias-tarde-19-junio-2018\/","pubDate":"2018-06-19 16:24:42","creator":"Jes\u00fas Alberto Oliva D\u00edaz","description":"M\u00e9xico reacciona a pol\u00edtica de Tolerancia Cero; Luis Videgaray informa que hay ni\u00f1os mexicanos en esa situaci\u00f3n; no se privatiza el agua, dice Conagua; Gobierno capitalino admite existencia de grupos criminales; identifican cuerpos de Insurgentes","subtitle":null,"content":"M\u00e9xico reacciona a pol\u00edtica de Tolerancia Cero; Luis Videgaray informa que hay ni\u00f1os mexicanos en esa situaci\u00f3n; no se privatiza el agua, dice Conagua; Gobierno capitalino admite existencia de grupos criminales; identifican cuerpos de Insurgentes","enclosure":{"url":"https:\/\/tele-news.cdn.anvato.net\/prod\/1804\/18\/06\/19\/219770\/219770_DB3CF24348AC4E348E774FE72A36B02E_180619_219770_Resumen_de_noticias_tarde_del_19_de_junio_del_20_0.mp3","length":298787,"type":"audio\/mpeg"},"image":"https:\/\/i0.wp.com\/noticieros.televisa.com\/wp-content\/uploads\/2018\/12\/nt.png?quality=95&ssl=1","explicit":"clean","duration":"00:00:37","author":"Noticieros Televisa","podcast":"Noticieros Televisa","podastId":0},{"title":"Resumen de noticias ma\u00f1ana del 19 de junio del 2018","link":"https:\/\/staging.noticieros.news\/podcast\/resumen-noticias-manana-19-junio-2018\/","pubDate":"2018-06-19 12:12:06","creator":"Aldo Huerta Camacho","description":"Crece esc\u00e1ndalo por pol\u00edtica de \u2018tolerancia cero\u2019 contra migrantes, impuesta por Donald Trump y que implica separar a ni\u00f1os de sus padres; \u2018Por M\u00e9xico al Frente\u2019 presenta denuncia penal ante la PGR contra Jos\u00e9 Antonio Meade y Enrique Pe\u00f1a Nieto","subtitle":null,"content":"Crece esc\u00e1ndalo por pol\u00edtica de \u2018tolerancia cero\u2019 contra migrantes, impuesta por Donald Trump y que implica separar a ni\u00f1os de sus padres; \u2018Por M\u00e9xico al Frente\u2019 presenta denuncia penal ante la PGR contra Jos\u00e9 Antonio Meade y Enrique Pe\u00f1a Nieto","enclosure":{"url":"https:\/\/tele-news.cdn.anvato.net\/prod\/1804\/18\/06\/19\/219662\/219662_C2C4EADD2589429288F0B16EC3E9AED3_180619_219662_OK_Resumen_de_noticias_manana_del_19_de_junio_de_0.mp3","length":1984355,"type":"audio\/mpeg"},"image":"https:\/\/i0.wp.com\/noticieros.televisa.com\/wp-content\/uploads\/2018\/12\/nt.png?quality=95&ssl=1","explicit":"clean","duration":"00:04:08","author":"Noticieros Televisa","podcast":"Noticieros Televisa","podastId":0}]